{"cameraMode":{"drawMode":0,"name":"Shaded","section":"Shading Mode"},"sceneLighting":false,"audioPlay":false,"sceneViewState":{"showFog":true,"showMaterialUpdate":true,"showSkybox":false,"showFlares":true,"showImageEffects":true,"showParticleSystems":true},"in2DMode":false,"pivot":{"x":890.2199096679688,"y":2.615891456604004,"z":936.2706298828125},"rotation":{"x":-0.015486979857087136,"y":-0.9297871589660645,"z":0.03936078026890755,"w":-0.36567550897598269},"size":5.740584373474121,"orthographic":false}