{"cameraMode":{"drawMode":0,"name":"Shaded","section":"Shading Mode"},"sceneLighting":false,"audioPlay":false,"sceneViewState":{"showFog":true,"showMaterialUpdate":true,"showSkybox":false,"showFlares":true,"showImageEffects":true,"showParticleSystems":true},"in2DMode":false,"pivot":{"x":878.0028686523438,"y":1.6425182819366456,"z":959.046875},"rotation":{"x":-0.09152061492204666,"y":0.05881407484412193,"z":-0.005415038205683231,"w":-0.994050920009613},"size":1.815213680267334,"orthographic":false}