{"cameraMode":{"drawMode":0,"name":"Shaded","section":"Shading Mode"},"sceneLighting":false,"audioPlay":false,"sceneViewState":{"showFog":true,"showMaterialUpdate":true,"showSkybox":false,"showFlares":true,"showImageEffects":true,"showParticleSystems":true},"in2DMode":false,"pivot":{"x":825.153564453125,"y":1.7012381553649903,"z":555.485107421875},"rotation":{"x":0.07885070890188217,"y":0.8907651901245117,"z":-0.41426560282707217,"w":0.1695784032344818},"size":12.854389190673829,"orthographic":false}