{"cameraMode":{"drawMode":0,"name":"Shaded","section":"Shading Mode"},"sceneLighting":false,"audioPlay":false,"sceneViewState":{"showFog":true,"showMaterialUpdate":true,"showSkybox":false,"showFlares":true,"showImageEffects":true,"showParticleSystems":true},"in2DMode":false,"pivot":{"x":-0.013348400592803955,"y":0.8339537382125855,"z":2.5331974029541018e-7},"rotation":{"x":0.07885070890188217,"y":0.8907651901245117,"z":-0.41426560282707217,"w":0.1695784032344818},"size":1.2675436735153199,"orthographic":false}