{"cameraMode":{"drawMode":0,"name":"Shaded","section":"Shading Mode"},"sceneLighting":false,"audioPlay":false,"sceneViewState":{"showFog":true,"showMaterialUpdate":true,"showSkybox":false,"showFlares":true,"showImageEffects":true,"showParticleSystems":true},"in2DMode":false,"pivot":{"x":-0.05938827991485596,"y":0.4292009174823761,"z":0.0},"rotation":{"x":0.2435518354177475,"y":-0.7288516759872437,"z":0.5538613200187683,"w":0.32051128149032595},"size":0.48241493105888369,"orthographic":false}