{"cameraMode":{"drawMode":0,"name":"Shaded","section":"Shading Mode"},"sceneLighting":false,"audioPlay":false,"sceneViewState":{"showFog":true,"showMaterialUpdate":false,"showSkybox":false,"showFlares":true,"showImageEffects":true,"showParticleSystems":true},"in2DMode":false,"pivot":{"x":878.1075439453125,"y":1.6362578868865967,"z":958.6490478515625},"rotation":{"x":-0.1574709266424179,"y":0.7074071168899536,"z":-0.1666121929883957,"w":-0.6685945987701416},"size":1.7633030414581299,"orthographic":false}