{"cameraMode":{"drawMode":0,"name":"Shaded","section":"Shading Mode"},"sceneLighting":true,"audioPlay":false,"sceneViewState":{"showFog":true,"showMaterialUpdate":true,"showSkybox":true,"showFlares":true,"showImageEffects":true,"showParticleSystems":true},"in2DMode":false,"pivot":{"x":849.3809204101563,"y":1.3380074501037598,"z":823.0380859375},"rotation":{"x":-0.2434326410293579,"y":0.45599445700645449,"z":-0.13122190535068513,"w":-0.8459247946739197},"size":2.2016563415527345,"orthographic":false}